-0.9995605,0.02412163,-0.017234543,0.0,0.026312903,0.98966956,-0.14093177,0.0,0.013656999,-0.14132331,-0.9898693,0.0,71.17981,-111.884995,87.09556,1.0
-0.9995605,0.02412163,-0.017234543,0.0,0.026141606,0.9895772,-0.14161102,0.0,0.013639022,-0.14199932,-0.9897728,0.0,71.18476,-111.75918,86.88013,1.0
-0.9995605,0.02412163,-0.017234543,0.0,0.025964843,0.9894723,-0.14237404,0.0,0.013618809,-0.14275895,-0.9896637,0.0,71.18976,-111.623604,86.67061,1.0
-0.9995605,0.02412163,-0.017234543,0.0,0.02578377,0.98936176,-0.14317296,0.0,0.013597633,-0.1435544,-0.98954886,0.0,71.19477,-111.484184,86.46362,1.0
-0.9995605,0.02412163,-0.017234543,0.0,0.02559924,0.9892486,-0.14398573,0.0,0.013576077,-0.14436364,-0.98943126,0.0,71.19979,-111.34338,86.25755,1.0
-0.9995605,0.02412163,-0.017234543,0.0,0.025411848,0.9891346,-0.14479977,0.0,0.013554476,-0.14517409,-0.9893128,0.0,71.204796,-111.20259,86.0515,1.0
-0.9995605,0.02412163,-0.017234543,0.0,0.025222022,0.989021,-0.14560683,0.0,0.01353305,-0.14597753,-0.9891947,0.0,71.20981,-111.062675,85.844826,1.0
-0.9995605,0.02412163,-0.017234543,0.0,0.025030075,0.9889086,-0.14640096,0.0,0.0135119585,-0.14676799,-0.98907775,0.0,71.214806,-110.9243,85.63714,1.0
-0.9995605,0.02412163,-0.017234543,0.0,0.024836248,0.98879826,-0.14717741,0.0,0.013491327,-0.14754076,-0.9889627,0.0,71.219795,-110.78801,85.428085,1.0
-0.9995605,0.02412163,-0.017234543,0.0,0.02464072,0.9886905,-0.14793223,0.0,0.0134712625,-0.14829189,-0.9888503,0.0,71.22478,-110.65425,85.21741,1.0
-0.9995605,0.02412163,-0.017234543,0.0,0.024443638,0.98858595,-0.1486619,0.0,0.013451859,-0.14901783,-0.98874104,0.0,71.229744,-110.52349,85.00486,1.0
-0.9995605,0.02412163,-0.017234543,0.0,0.024245117,0.9884851,-0.14936319,0.0,0.013433205,-0.1497154,-0.9886355,0.0,71.2347,-110.39614,84.79026,1.0
-0.9995605,0.02412163,-0.017234543,0.0,0.024045248,0.98838854,-0.15003306,0.0,0.013415383,-0.15038152,-0.9885341,0.0,71.23963,-110.27268,84.57341,1.0
-0.9995605,0.02412163,-0.017234543,0.0,0.023844108,0.98829675,-0.15066855,0.0,0.013398472,-0.15101326,-0.98843753,0.0,71.24454,-110.15358,84.354164,1.0
-0.9995605,0.02412163,-0.017234543,0.0,0.023641756,0.9882102,-0.1512668,0.0,0.013382549,-0.15160775,-0.98834616,0.0,71.24941,-110.03933,84.13235,1.0
-0.9995605,0.02412163,-0.017234543,0.0,0.023438247,0.98812944,-0.15182503,0.0,0.013367693,-0.15216224,-0.9882605,0.0,71.254265,-109.93052,83.90784,1.0
-0.9995605,0.02412163,-0.017234543,0.0,0.023233622,0.98805493,-0.15234055,0.0,0.013353973,-0.152674,-0.98818105,0.0,71.25907,-109.827736,83.68051,1.0
-0.9995605,0.02412163,-0.017234543,0.0,0.023027921,0.9879871,-0.15281083,0.0,0.01334146,-0.15314054,-0.98810834,0.0,71.263824,-109.73168,83.450294,1.0
-0.9995605,0.02412163,-0.017234543,0.0,0.02282118,0.9879264,-0.15323359,0.0,0.0133302165,-0.15355955,-0.9880427,0.0,71.268524,-109.643105,83.21711,1.0
-0.9995605,0.02412163,-0.017234543,0.0,0.022613438,0.98787326,-0.15360689,0.0,0.013320295,-0.1539291,-0.98798454,0.0,71.273155,-109.562874,82.98095,1.0
-0.9995605,0.02412163,-0.017234543,0.0,0.022404738,0.98782784,-0.15392937,0.0,0.0133117335,-0.15424784,-0.98793405,0.0,71.277695,-109.491905,82.74187,1.0
-0.9995605,0.02412163,-0.017234543,0.0,0.02219513,0.9877903,-0.15420045,0.0,0.013304547,-0.15451519,-0.9878915,0.0,71.28214,-109.43125,82.499985,1.0
-0.9995605,0.02412163,-0.017234543,0.0,0.021984814,0.9877599,-0.15442492,0.0,0.013298609,-0.15473594,-0.98785603,0.0,71.28648,-109.38102,82.25574,1.0
-0.9995605,0.02412163,-0.017234543,0.0,0.021774331,0.9877342,-0.15461913,0.0,0.013293481,-0.15492643,-0.9878253,0.0,71.29073,-109.33838,82.01006,1.0
-0.9995605,0.02412163,-0.017234543,0.0,0.02156393,0.98771226,-0.15478858,0.0,0.013289017,-0.15509218,-0.9877983,0.0,71.294914,-109.30256,81.76331,1.0
-0.9995605,0.02412163,-0.017234543,0.0,0.021353817,0.9876935,-0.15493736,0.0,0.013285104,-0.15523729,-0.98777443,0.0,71.29902,-109.273,81.51574,1.0
-0.9995605,0.02412163,-0.017234543,0.0,0.021144185,0.98767734,-0.15506902,0.0,0.01328165,-0.15536527,-0.9877533,0.0,71.30305,-109.249176,81.267555,1.0
-0.9995605,0.02412163,-0.017234543,0.0,0.020935223,0.9876633,-0.15518661,0.0,0.013278572,-0.15547921,-0.9877342,0.0,71.30702,-109.23052,81.018936,1.0
-0.9995605,0.02412163,-0.017234543,0.0,0.0207271,0.98765105,-0.1552927,0.0,0.013275801,-0.15558167,-0.9877169,0.0,71.31093,-109.21653,80.77001,1.0
-0.9995605,0.02412163,-0.017234543,0.0,0.020519985,0.98764014,-0.15538952,0.0,0.013273277,-0.15567487,-0.987701,0.0,71.31479,-109.20671,80.5209,1.0
-0.9995605,0.02412163,-0.017234543,0.0,0.020314032,0.9876303,-0.1554789,0.0,0.013270953,-0.15576066,-0.9876862,0.0,71.318596,-109.20061,80.27166,1.0
-0.9995605,0.02412163,-0.017234543,0.0,0.020109395,0.98762137,-0.15556239,0.0,0.013268785,-0.15584059,-0.9876723,0.0,71.32236,-109.19777,80.02237,1.0
-0.9995605,0.02412163,-0.017234543,0.0,0.01990622,0.987613,-0.15564127,0.0,0.0132667385,-0.15591593,-0.98765916,0.0,71.32607,-109.1978,79.77306,1.0
-0.9995605,0.02412163,-0.017234543,0.0,0.019704647,0.9876052,-0.15571666,0.0,0.013264785,-0.15598781,-0.9876464,0.0,71.32977,-109.20032,79.523766,1.0
-0.9995605,0.02412163,-0.017234543,0.0,0.019504819,0.9875977,-0.15578942,0.0,0.0132629005,-0.1560571,-0.9876341,0.0,71.333435,-109.20496,79.27451,1.0
-0.9995605,0.02412163,-0.017234543,0.0,0.019306878,0.9875904,-0.15586035,0.0,0.013261064,-0.15612459,-0.987622,0.0,71.337074,-109.2114,79.02528,1.0
-0.9995605,0.02412163,-0.017234543,0.0,0.019110965,0.9875832,-0.15593007,0.0,0.013259258,-0.1561909,-0.9876101,0.0,71.34068,-109.21935,78.77611,1.0
-0.9995605,0.02412163,-0.017234543,0.0,0.018917225,0.987576,-0.15599914,0.0,0.013257468,-0.1562566,-0.98759824,0.0,71.344284,-109.22851,78.52698,1.0
-0.9995605,0.02412163,-0.017234543,0.0,0.018725809,0.9875688,-0.15606801,0.0,0.013255682,-0.15632215,-0.98758644,0.0,71.34788,-109.23862,78.27788,1.0
-0.9995605,0.02412163,-0.017234543,0.0,0.018536873,0.9875614,-0.15613712,0.0,0.013253888,-0.15638797,-0.9875745,0.0,71.351456,-109.24942,78.02881,1.0
-0.9995605,0.02412163,-0.017234543,0.0,0.018350583,0.9875539,-0.15620682,0.0,0.013252077,-0.15645441,-0.9875625,0.0,71.355034,-109.26071,77.77976,1.0
-0.9995605,0.02412163,-0.017234543,0.0,0.018167116,0.9875461,-0.1562774,0.0,0.01325024,-0.15652183,-0.98755026,0.0,71.358604,-109.272255,77.53072,1.0
-0.9995605,0.02412163,-0.017234543,0.0,0.01798666,0.98753804,-0.15634921,0.0,0.013248369,-0.15659048,-0.98753786,0.0,71.362175,-109.28388,77.281685,1.0
-0.9995605,0.02412163,-0.017234543,0.0,0.01780942,0.98752964,-0.1564225,0.0,0.013246457,-0.15666068,-0.98752517,0.0,71.36575,-109.29538,77.032646,1.0
-0.9995605,0.02412163,-0.017234543,0.0,0.017635625,0.9875209,-0.15649752,0.0,0.013244496,-0.15673268,-0.98751223,0.0,71.36933,-109.3066,76.78359,1.0
-0.9995605,0.02412163,-0.017234543,0.0,0.017465517,0.9875117,-0.15657453,0.0,0.013242479,-0.15680672,-0.98749894,0.0,71.37292,-109.317375,76.534515,1.0
-0.9995605,0.02412163,-0.017234543,0.0,0.017299373,0.98750204,-0.15665378,0.0,0.013240403,-0.15688308,-0.9874853,0.0,71.376526,-109.32756,76.285416,1.0
-0.9995605,0.02412163,-0.017234543,0.0,0.017137501,0.9874919,-0.15673546,0.0,0.013238257,-0.15696193,-0.9874713,0.0,71.38014,-109.33701,76.03628,1.0
-0.9995605,0.02412163,-0.017234543,0.0,0.016980248,0.98748124,-0.15681982,0.0,0.013236038,-0.15704355,-0.9874568,0.0,71.383766,-109.345604,75.78712,1.0
-0.9995605,0.02412163,-0.017234543,0.0,0.016828006,0.98747,-0.15690705,0.0,0.01323374,-0.15712811,-0.9874419,0.0,71.38741,-109.35322,75.537926,1.0
-0.9995605,0.02412163,-0.017234543,0.0,0.01668123,0.9874581,-0.15699735,0.0,0.013231358,-0.15721585,-0.98742646,0.0,71.391075,-109.35974,75.2887,1.0
-0.9995605,0.02412163,-0.017234543,0.0,0.016540438,0.98744565,-0.1570909,0.0,0.013228886,-0.15730692,-0.9874106,0.0,71.39476,-109.365074,75.03944,1.0
-0.9995605,0.02412163,-0.017234543,0.0,0.016406238,0.9874324,-0.15718779,0.0,0.013226321,-0.15740146,-0.98739415,0.0,71.39847,-109.36911,74.79015,1.0
-0.9995605,0.02412163,-0.017234543,0.0,0.01627934,0.98741865,-0.1572877,0.0,0.013223673,-0.15749913,-0.9873773,0.0,71.40219,-109.37203,74.54085,1.0
-0.9995605,0.02412163,-0.017234543,0.0,0.016160587,0.9874043,-0.15739013,0.0,0.013220955,-0.15759948,-0.98736006,0.0,71.40594,-109.373985,74.291534,1.0
-0.9995605,0.02412163,-0.017234543,0.0,0.016050862,0.98738945,-0.15749447,0.0,0.013218182,-0.15770188,-0.9873426,0.0,71.40969,-109.375145,74.04222,1.0
-0.9995605,0.02412163,-0.017234543,0.0,0.015949339,0.9873742,-0.15760008,0.0,0.013215372,-0.15780568,-0.98732495,0.0,71.413475,-109.37566,73.7929,1.0
-0.9995605,0.02412163,-0.017234543,0.0,0.015855594,0.98735875,-0.15770638,0.0,0.013212542,-0.15791032,-0.98730725,0.0,71.41725,-109.37568,73.54358,1.0
-0.9995605,0.02412163,-0.017234543,0.0,0.015769571,0.98734313,-0.15781286,0.0,0.013209703,-0.15801528,-0.98728955,0.0,71.42104,-109.37532,73.29425,1.0
-0.9995605,0.02412163,-0.017234543,0.0,0.015691204,0.9873274,-0.15791903,0.0,0.013206871,-0.15812007,-0.9872719,0.0,71.42485,-109.374695,73.04494,1.0
-0.9995605,0.02412163,-0.017234543,0.0,0.015620408,0.98731166,-0.1580244,0.0,0.013204059,-0.15822415,-0.9872545,0.0,71.42866,-109.373924,72.795616,1.0
-0.9995605,0.02412163,-0.017234543,0.0,0.0155570805,0.987296,-0.15812846,0.0,0.013201279,-0.15832707,-0.9872373,0.0,71.43247,-109.37311,72.546295,1.0
-0.9995605,0.02412163,-0.017234543,0.0,0.015501104,0.9872805,-0.15823078,0.0,0.013198543,-0.15842839,-0.98722047,0.0,71.43628,-109.37236,72.296974,1.0
-0.9995605,0.02412163,-0.017234543,0.0,0.015452342,0.98726517,-0.15833093,0.0,0.013195864,-0.15852766,-0.98720396,0.0,71.4401,-109.37175,72.04766,1.0
-0.9995605,0.02412163,-0.017234543,0.0,0.015410638,0.98725015,-0.15842853,0.0,0.013193252,-0.15862449,-0.987188,0.0,71.443924,-109.37139,71.79835,1.0
-0.9995605,0.02412163,-0.017234543,0.0,0.015375822,0.98723555,-0.15852319,0.0,0.013190716,-0.15871851,-0.9871725,0.0,71.44774,-109.37137,71.54903,1.0
-0.9995605,0.02412163,-0.017234543,0.0,0.015347701,0.9872213,-0.15861458,0.0,0.013188265,-0.15880938,-0.9871576,0.0,71.45155,-109.37175,71.29971,1.0
-0.9995605,0.02412163,-0.017234543,0.0,0.015326065,0.98720753,-0.1587024,0.0,0.01318591,-0.15889679,-0.9871433,0.0,71.45537,-109.37263,71.0504,1.0
-0.9995605,0.02412163,-0.017234543,0.0,0.015310687,0.98719424,-0.15878639,0.0,0.013183655,-0.15898046,-0.9871296,0.0,71.459175,-109.374084,70.801094,1.0
-0.9995605,0.02412163,-0.017234543,0.0,0.015301323,0.98718154,-0.1588663,0.0,0.0131815085,-0.15906018,-0.9871167,0.0,71.46297,-109.37619,70.551796,1.0
-0.9995605,0.02412163,-0.017234543,0.0,0.015297708,0.9871694,-0.15894197,0.0,0.0131794745,-0.15913576,-0.98710454,0.0,71.46677,-109.37901,70.302505,1.0
-0.9995605,0.02412163,-0.017234543,0.0,0.015299564,0.9871579,-0.15901323,0.0,0.013177557,-0.159207,-0.98709303,0.0,71.47055,-109.382645,70.05324,1.0
-0.9995605,0.02412163,-0.017234543,0.0,0.015306596,0.98714703,-0.15907995,0.0,0.01317576,-0.15927383,-0.98708236,0.0,71.47433,-109.38715,69.80397,1.0
-0.9995605,0.02412163,-0.017234543,0.0,0.0153184915,0.98713684,-0.1591421,0.0,0.013174085,-0.15933616,-0.98707247,0.0,71.478096,-109.39261,69.55473,1.0
-0.9995605,0.02412163,-0.017234543,0.0,0.0153349275,0.9871273,-0.15919964,0.0,0.013172533,-0.15939397,-0.98706335,0.0,71.48184,-109.39908,69.30552,1.0
-0.9995605,0.02412163,-0.017234543,0.0,0.015355565,0.9871184,-0.15925258,0.0,0.013171104,-0.15944722,-0.98705494,0.0,71.48558,-109.40665,69.05634,1.0
-0.9995605,0.02412163,-0.017234543,0.0,0.015380053,0.98711026,-0.15930097,0.0,0.013169795,-0.15949601,-0.9870474,0.0,71.48931,-109.415375,68.807205,1.0
-0.9995605,0.02412163,-0.017234543,0.0,0.015408031,0.98710275,-0.1593449,0.0,0.013168606,-0.15954041,-0.9870405,0.0,71.49303,-109.42534,68.558105,1.0
-0.9995605,0.02412163,-0.017234543,0.0,0.015439125,0.98709583,-0.1593845,0.0,0.013167532,-0.15958053,-0.9870344,0.0,71.49672,-109.436615,68.30908,1.0
-0.9995605,0.02412163,-0.017234543,0.0,0.015472956,0.9870896,-0.15941997,0.0,0.013166568,-0.15961656,-0.98702896,0.0,71.50039,-109.449265,68.06011,1.0
-0.9995605,0.02412163,-0.017234543,0.0,0.015509136,0.9870839,-0.15945147,0.0,0.013165711,-0.15964869,-0.9870242,0.0,71.504036,-109.46337,67.811226,1.0
-0.9995605,0.02412163,-0.017234543,0.0,0.015547271,0.98707885,-0.15947929,0.0,0.013164952,-0.15967713,-0.98702,0.0,71.507675,-109.47901,67.56244,1.0
-0.9995605,0.02412163,-0.017234543,0.0,0.015586962,0.98707426,-0.15950367,0.0,0.013164286,-0.1597022,-0.9870164,0.0,71.511284,-109.496254,67.31375,1.0
-0.9995605,0.02412163,-0.017234543,0.0,0.015627807,0.9870702,-0.15952493,0.0,0.013163703,-0.15972415,-0.9870133,0.0,71.51487,-109.515175,67.06519,1.0
-0.9995605,0.02412163,-0.017234543,0.0,0.0156694,0.98706657,-0.15954341,0.0,0.013163194,-0.15974334,-0.98701066,0.0,71.518425,-109.53586,66.81677,1.0
-0.9995605,0.02412163,-0.017234543,0.0,0.015711337,0.9870633,-0.15955947,0.0,0.01316275,-0.15976012,-0.9870084,0.0,71.52195,-109.55837,66.56851,1.0
-0.9995605,0.02412163,-0.017234543,0.0,0.015753215,0.98706037,-0.15957351,0.0,0.0131623605,-0.15977487,-0.9870065,0.0,71.52546,-109.5828,66.32044,1.0
-0.9995605,0.02412163,-0.017234543,0.0,0.015794631,0.9870577,-0.15958595,0.0,0.013162015,-0.15978801,-0.9870048,0.0,71.52893,-109.60923,66.07257,1.0
-0.9995605,0.02412163,-0.017234543,0.0,0.015835185,0.9870552,-0.15959722,0.0,0.0131617,-0.15979998,-0.9870033,0.0,71.532364,-109.63774,65.82493,1.0
-0.9995605,0.02412163,-0.017234543,0.0,0.01587448,0.98705286,-0.15960778,0.0,0.013161405,-0.15981121,-0.98700196,0.0,71.53577,-109.66842,65.577545,1.0
-0.9995605,0.02412163,-0.017234543,0.0,0.015912132,0.9870506,-0.15961814,0.0,0.013161116,-0.15982221,-0.9870006,0.0,71.53913,-109.70135,65.33046,1.0
-0.9995605,0.02412163,-0.017234543,0.0,0.01594776,0.98704827,-0.15962878,0.0,0.01316082,-0.15983346,-0.98699915,0.0,71.542465,-109.73661,65.08369,1.0
-0.9995605,0.02412163,-0.017234543,0.0,0.015980987,0.9870459,-0.15964024,0.0,0.013160503,-0.1598455,-0.98699754,0.0,71.545746,-109.77431,64.83727,1.0
-0.9995605,0.02412163,-0.017234543,0.0,0.016011452,0.9870433,-0.15965305,0.0,0.013160149,-0.15985884,-0.9869957,0.0,71.549,-109.81413,64.591194,1.0
-0.9995605,0.02412163,-0.017234543,0.0,0.016038802,0.9870405,-0.15966767,0.0,0.013159748,-0.15987392,-0.98699355,0.0,71.55222,-109.855774,64.34542,1.0
-0.9995605,0.02412163,-0.017234543,0.0,0.016062692,0.9870374,-0.15968445,0.0,0.01315929,-0.1598911,-0.98699105,0.0,71.55541,-109.89915,64.09994,1.0
-0.9995605,0.02412163,-0.017234543,0.0,0.01608279,0.98703396,-0.15970372,0.0,0.013158766,-0.1599107,-0.98698807,0.0,71.55857,-109.94419,63.85476,1.0
-0.9995605,0.02412163,-0.017234543,0.0,0.016098782,0.98703015,-0.15972576,0.0,0.013158168,-0.15993302,-0.9869846,0.0,71.5617,-109.99084,63.60988,1.0
-0.9995605,0.02412163,-0.017234543,0.0,0.016110362,0.9870259,-0.15975085,0.0,0.01315749,-0.15995829,-0.9869807,0.0,71.564804,-110.039024,63.36529,1.0
-0.9995605,0.02412163,-0.017234543,0.0,0.01611724,0.9870212,-0.15977918,0.0,0.013156725,-0.15998672,-0.98697615,0.0,71.56788,-110.088684,63.121,1.0
-0.9995605,0.02412163,-0.017234543,0.0,0.016119141,0.987016,-0.1598108,0.0,0.013155874,-0.16001835,-0.986971,0.0,71.57093,-110.13977,62.876995,1.0
-0.9995605,0.02412163,-0.017234543,0.0,0.016115922,0.9870112,-0.15984124,0.0,0.013155055,-0.16004874,-0.9869661,0.0,71.57395,-110.19222,62.63328,1.0
-0.9995605,0.02412163,-0.017234543,0.0,0.01610786,0.9870069,-0.1598685,0.0,0.013154324,-0.16007584,-0.9869616,0.0,71.57694,-110.24598,62.389862,1.0
-0.9995605,0.02412163,-0.017234543,0.0,0.016095301,0.98700315,-0.15989272,0.0,0.013153675,-0.16009983,-0.9869576,0.0,71.57992,-110.301,62.14672,1.0
-0.9995605,0.02412163,-0.017234543,0.0,0.0160786,0.987,-0.15991409,0.0,0.013153105,-0.1601209,-0.986954,0.0,71.58287,-110.35724,61.90386,1.0
-0.9995605,0.02412163,-0.017234543,0.0,0.016058108,0.9869973,-0.1599328,0.0,0.013152607,-0.16013926,-0.9869508,0.0,71.58579,-110.414635,61.66127,1.0
-0.9995605,0.02412163,-0.017234543,0.0,0.016034165,0.98699504,-0.15994908,0.0,0.013152176,-0.16015512,-0.98694795,0.0,71.5887,-110.47315,61.41895,1.0
-0.9995605,0.02412163,-0.017234543,0.0,0.016007122,0.9869932,-0.15996315,0.0,0.013151805,-0.16016872,-0.9869455,0.0,71.59159,-110.53274,61.17689,1.0
-0.9995605,0.02412163,-0.017234543,0.0,0.015977317,0.9869917,-0.15997529,0.0,0.013151486,-0.16018033,-0.9869433,0.0,71.59445,-110.59337,60.935093,1.0
-0.9995605,0.02412163,-0.017234543,0.0,0.015945094,0.9869905,-0.15998575,0.0,0.0131512135,-0.16019024,-0.98694134,0.0,71.5973,-110.65498,60.693546,1.0
-0.9995605,0.02412163,-0.017234543,0.0,0.015910791,0.9869896,-0.15999481,0.0,0.013150979,-0.1601987,-0.9869396,0.0,71.60012,-110.71756,60.452248,1.0
-0.9995605,0.02412163,-0.017234543,0.0,0.015874742,0.9869889,-0.1600028,0.0,0.013150775,-0.16020606,-0.986938,0.0,71.602936,-110.781044,60.21118,1.0
-0.9995605,0.02412163,-0.017234543,0.0,0.015837282,0.98698837,-0.16000997,0.0,0.013150591,-0.16021259,-0.98693657,0.0,71.605736,-110.84541,59.970352,1.0
-0.9995605,0.02412163,-0.017234543,0.0,0.015798742,0.9869879,-0.16001666,0.0,0.013150422,-0.16021861,-0.98693514,0.0,71.60851,-110.91062,59.72975,1.0
-0.9995605,0.02412163,-0.017234543,0.0,0.015759455,0.9869875,-0.16002318,0.0,0.013150258,-0.16022445,-0.98693377,0.0,71.61127,-110.97664,59.489372,1.0
-0.9995605,0.02412163,-0.017234543,0.0,0.015719745,0.986987,-0.16002983,0.0,0.013150089,-0.16023041,-0.9869324,0.0,71.61402,-111.04343,59.249207,1.0
-0.9995605,0.02412163,-0.017234543,0.0,0.015679942,0.98698646,-0.16003695,0.0,0.013149909,-0.16023684,-0.9869309,0.0,71.61676,-111.11096,59.009247,1.0
-0.9995605,0.02412163,-0.017234543,0.0,0.01564037,0.9869858,-0.16004483,0.0,0.013149708,-0.16024403,-0.9869293,0.0,71.61948,-111.17921,58.769485,1.0
-0.9995605,0.02412163,-0.017234543,0.0,0.015601353,0.98698497,-0.16005379,0.0,0.013149477,-0.16025232,-0.9869275,0.0,71.62219,-111.24813,58.52992,1.0
-0.9995605,0.02412163,-0.017234543,0.0,0.0155632105,0.9869839,-0.16006415,0.0,0.013149208,-0.16026202,-0.9869255,0.0,71.62489,-111.3177,58.290543,1.0
-0.9995605,0.02412163,-0.017234543,0.0,0.015526265,0.9869825,-0.16007619,0.0,0.0131488945,-0.16027342,-0.9869233,0.0,71.62758,-111.38789,58.051342,1.0
-0.9995605,0.02412163,-0.017234543,0.0,0.0154908355,0.98698086,-0.16009021,0.0,0.013148527,-0.16028683,-0.98692065,0.0,71.630264,-111.45867,57.812317,1.0
-0.9995605,0.02412163,-0.017234543,0.0,0.015457241,0.9869787,-0.16010651,0.0,0.013148097,-0.16030253,-0.98691773,0.0,71.632935,-111.53001,57.573452,1.0
-0.9995605,0.02412163,-0.017234543,0.0,0.015425798,0.98697615,-0.16012534,0.0,0.013147598,-0.16032082,-0.98691446,0.0,71.63559,-111.60188,57.334747,1.0
-0.9995605,0.02412163,-0.017234543,0.0,0.015396821,0.9869731,-0.16014698,0.0,0.013147024,-0.16034195,-0.9869107,0.0,71.638245,-111.674255,57.09619,1.0
-0.9995605,0.02412163,-0.017234543,0.0,0.015370628,0.9869695,-0.16017166,0.0,0.013146367,-0.16036616,-0.98690647,0.0,71.640884,-111.7471,56.857784,1.0
-0.9995605,0.02412163,-0.017234543,0.0,0.01534753,0.9869653,-0.1601996,0.0,0.013145621,-0.16039369,-0.9869017,0.0,71.643524,-111.820404,56.619507,1.0
-0.9995605,0.02412163,-0.017234543,0.0,0.015327841,0.98696053,-0.16023102,0.0,0.01314478,-0.16042477,-0.98689646,0.0,71.646164,-111.89413,56.38136,1.0
-0.9995605,0.02412163,-0.017234543,0.0,0.01531187,0.98695505,-0.16026612,0.0,0.01314384,-0.16045956,-0.9868906,0.0,71.64879,-111.968254,56.143337,1.0
-0.9995605,0.02412163,-0.017234543,0.0,0.015299927,0.98694897,-0.16030504,0.0,0.013142795,-0.16049826,-0.9868842,0.0,71.65141,-112.04275,55.905426,1.0
-0.9995605,0.02412163,-0.017234543,0.0,0.01529232,0.9869421,-0.16034794,0.0,0.013141642,-0.16054101,-0.98687714,0.0,71.65403,-112.11758,55.667618,1.0
-0.9995605,0.02412163,-0.017234543,0.0,0.015289353,0.9869345,-0.16039492,0.0,0.013140378,-0.16058794,-0.9868695,0.0,71.65665,-112.19272,55.42991,1.0
-0.9995605,0.02412163,-0.017234543,0.0,0.015291329,0.98692614,-0.16044609,0.0,0.013139,-0.1606391,-0.9868612,0.0,71.659256,-112.268166,55.192287,1.0
-0.9995605,0.02412163,-0.017234543,0.0,0.015298547,0.986917,-0.16050151,0.0,0.013137506,-0.16069463,-0.9868523,0.0,71.661865,-112.343864,54.95475,1.0
-0.9995605,0.02412163,-0.017234543,0.0,0.0153113045,0.9869071,-0.16056117,0.0,0.013135896,-0.16075449,-0.9868427,0.0,71.664474,-112.41981,54.717285,1.0
-0.9995605,0.02412163,-0.017234543,0.0,0.015329894,0.98689646,-0.16062512,0.0,0.013134169,-0.16081873,-0.98683244,0.0,71.66708,-112.495964,54.479885,1.0
-0.9995605,0.02412163,-0.017234543,0.0,0.015354602,0.98688495,-0.16069327,0.0,0.013132327,-0.16088727,-0.98682153,0.0,71.66969,-112.5723,54.242542,1.0
-0.9995605,0.02412163,-0.017234543,0.0,0.015385713,0.9868727,-0.16076559,0.0,0.013130371,-0.16096008,-0.98681,0.0,71.6723,-112.648796,54.005253,1.0
-0.9995605,0.02412163,-0.017234543,0.0,0.015423531,0.9868597,-0.16084193,0.0,0.013128306,-0.16103704,-0.9867979,0.0,71.674904,-112.72543,53.767998,1.0
-0.9995605,0.02412163,-0.017234543,0.0,0.0154714,0.98684555,-0.16092385,0.0,0.013126086,-0.16111976,-0.986785,0.0,71.67727,-112.80303,53.53105,1.0
-0.9995605,0.02412163,-0.017234543,0.0,0.015531335,0.9868302,-0.16101229,0.0,0.013123688,-0.16120921,-0.9867711,0.0,71.67922,-112.88209,53.294586,1.0
-0.9995605,0.02412163,-0.017234543,0.0,0.015603087,0.9868136,-0.16110694,0.0,0.01312112,-0.16130504,-0.98675627,0.0,71.680824,-112.96249,53.058563,1.0
-0.9995605,0.02412163,-0.017234543,0.0,0.015686443,0.9867959,-0.16120745,0.0,0.01311839,-0.16140693,-0.9867405,0.0,71.682106,-113.04412,52.82296,1.0
-0.9995605,0.02412163,-0.017234543,0.0,0.01578122,0.98677707,-0.1613134,0.0,0.013115509,-0.16151448,-0.986724,0.0,71.6831,-113.1269,52.58775,1.0
-0.9995605,0.02412163,-0.017234543,0.0,0.015887255,0.9867572,-0.16142437,0.0,0.01311249,-0.16162723,-0.98670673,0.0,71.68384,-113.210724,52.352913,1.0
-0.9995605,0.02412163,-0.017234543,0.0,0.0160044,0.9867364,-0.16153988,0.0,0.013109346,-0.1617447,-0.98668873,0.0,71.68435,-113.29553,52.11842,1.0
-0.9995605,0.02412163,-0.017234543,0.0,0.016132522,0.9867147,-0.1616594,0.0,0.013106089,-0.16186638,-0.9866702,0.0,71.68467,-113.38123,51.88425,1.0
-0.9995605,0.02412163,-0.017234543,0.0,0.016271489,0.9866923,-0.1617824,0.0,0.013102735,-0.16199172,-0.9866511,0.0,71.68481,-113.46778,51.650394,1.0
-0.9995605,0.02412163,-0.017234543,0.0,0.016421583,0.9866692,-0.16190827,0.0,0.013099301,-0.16212012,-0.98663163,0.0,71.68479,-113.55511,51.41682,1.0
-0.9995605,0.02412163,-0.017234543,0.0,0.016583366,0.98664546,-0.16203633,0.0,0.013095803,-0.1622509,-0.9866118,0.0,71.684654,-113.64315,51.183517,1.0
-0.9995605,0.02412163,-0.017234543,0.0,0.016755609,0.98662126,-0.1621659,0.0,0.013092261,-0.16238339,-0.98659176,0.0,71.68441,-113.73186,50.950466,1.0
-0.9995605,0.02412163,-0.017234543,0.0,0.016937122,0.9865967,-0.16229643,0.0,0.013088688,-0.162517,-0.9865716,0.0,71.68408,-113.82119,50.71765,1.0
-0.9995605,0.02412163,-0.017234543,0.0,0.017126858,0.98657185,-0.16242748,0.0,0.013085099,-0.16265127,-0.98655134,0.0,71.683685,-113.91109,50.485054,1.0
-0.9995605,0.02412163,-0.017234543,0.0,0.01732388,0.98654675,-0.16255873,0.0,0.013081501,-0.16278584,-0.986531,0.0,71.683235,-114.00151,50.252666,1.0
-0.9995605,0.02412163,-0.017234543,0.0,0.01752734,0.98652154,-0.16268986,0.0,0.013077904,-0.16292043,-0.98651075,0.0,71.68276,-114.092415,50.020466,1.0
-0.9995605,0.02412163,-0.017234543,0.0,0.017736472,0.98649627,-0.16282068,0.0,0.013074311,-0.1630548,-0.9864905,0.0,71.682274,-114.18378,49.788437,1.0
-0.9995605,0.02412163,-0.017234543,0.0,0.017950566,0.9864709,-0.16295096,0.0,0.013070731,-0.16318871,-0.9864703,0.0,71.68179,-114.275536,49.55657,1.0
-0.9995605,0.02412163,-0.017234543,0.0,0.018168967,0.9864454,-0.16308056,0.0,0.013067168,-0.163322,-0.98645014,0.0,71.681335,-114.36765,49.324844,1.0
-0.9995605,0.02412163,-0.017234543,0.0,0.018391063,0.98642004,-0.1632093,0.0,0.013063624,-0.16345453,-0.9864301,0.0,71.68093,-114.460106,49.09325,1.0
-0.9995605,0.02412163,-0.017234543,0.0,0.018616276,0.98639464,-0.16333711,0.0,0.013060104,-0.16358615,-0.98641014,0.0,71.68059,-114.55286,48.861782,1.0
-0.9995605,0.02412163,-0.017234543,0.0,0.018844051,0.9863693,-0.16346385,0.0,0.013056611,-0.16371676,-0.98639035,0.0,71.68033,-114.64585,48.63041,1.0
-0.9995605,0.02412163,-0.017234543,0.0,0.019073863,0.9863441,-0.1635894,0.0,0.013053147,-0.16384622,-0.9863707,0.0,71.680176,-114.73907,48.399124,1.0
-0.9995605,0.02412163,-0.017234543,0.0,0.019305194,0.986319,-0.1637137,0.0,0.013049716,-0.16397445,-0.98635113,0.0,71.680145,-114.83247,48.167915,1.0
-0.9995605,0.02412163,-0.017234543,0.0,0.01953754,0.986294,-0.16383663,0.0,0.01304632,-0.16410135,-0.98633176,0.0,71.68027,-114.92602,47.93677,1.0
-0.9995605,0.02412163,-0.017234543,0.0,0.019770404,0.9862692,-0.16395813,0.0,0.013042961,-0.1642268,-0.98631257,0.0,71.68056,-115.01968,47.705666,1.0
-0.9995605,0.02412163,-0.017234543,0.0,0.020003287,0.9862445,-0.1640781,0.0,0.013039642,-0.16435073,-0.98629355,0.0,71.68105,-115.113396,47.474586,1.0
-0.9995605,0.02412163,-0.017234543,0.0,0.020235684,0.98622006,-0.16419648,0.0,0.013036366,-0.16447306,-0.9862747,0.0,71.68176,-115.207146,47.243526,1.0
-0.9995605,0.02412163,-0.017234543,0.0,0.020467082,0.98619586,-0.16431314,0.0,0.013033134,-0.16459367,-0.9862561,0.0,71.682724,-115.30087,47.01246,1.0
-0.9995605,0.02412163,-0.017234543,0.0,0.020696945,0.9861719,-0.16442803,0.0,0.013029951,-0.16471246,-0.9862377,0.0,71.68398,-115.39455,46.78137,1.0
-0.9995605,0.02412163,-0.017234543,0.0,0.020924723,0.98614824,-0.16454104,0.0,0.013026817,-0.16482934,-0.9862196,0.0,71.68555,-115.488106,46.550232,1.0
-0.9995605,0.02412163,-0.017234543,0.0,0.021149823,0.98612493,-0.16465206,0.0,0.013023737,-0.1649442,-0.98620164,0.0,71.68747,-115.581505,46.31904,1.0
-0.9995605,0.02412163,-0.017234543,0.0,0.021371622,0.9861019,-0.164761,0.0,0.013020713,-0.16505691,-0.98618406,0.0,71.6898,-115.67468,46.08776,1.0
-0.9995605,0.02412163,-0.017234543,0.0,0.021589437,0.9860794,-0.16486776,0.0,0.0130177485,-0.16516738,-0.9861667,0.0,71.692566,-115.76758,45.85637,1.0
-0.9995605,0.02412163,-0.017234543,0.0,0.021802524,0.9860572,-0.16497219,0.0,0.013014847,-0.16527542,-0.9861497,0.0,71.69584,-115.860115,45.62485,1.0
-0.9995605,0.02412163,-0.017234543,0.0,0.022010054,0.9860355,-0.16507415,0.0,0.013012014,-0.16538092,-0.98613304,0.0,71.69966,-115.95222,45.39316,1.0
-0.9995605,0.02412163,-0.017234543,0.0,0.022211099,0.98601437,-0.1651735,0.0,0.013009253,-0.1654837,-0.98611677,0.0,71.704124,-116.04379,45.16128,1.0
-0.9995605,0.02412163,-0.017234543,0.0,0.022404594,0.9859938,-0.16527009,0.0,0.013006569,-0.16558358,-0.9861009,0.0,71.70929,-116.134735,44.92917,1.0
-0.9995605,0.02412163,-0.017234543,0.0,0.02258931,0.9859739,-0.1653637,0.0,0.013003968,-0.16568032,-0.9860854,0.0,71.71527,-116.22493,44.69678,1.0
-0.9995605,0.02412163,-0.017234543,0.0,0.022763798,0.98595476,-0.16545412,0.0,0.013001456,-0.16577372,-0.98607045,0.0,71.72217,-116.314224,44.464073,1.0
-0.9995605,0.02412163,-0.017234543,0.0,0.022926325,0.98593634,-0.16554114,0.0,0.01299904,-0.16586351,-0.986056,0.0,71.73013,-116.40243,44.230988,1.0
-0.9995605,0.02412163,-0.017234543,0.0,0.02307477,0.9859189,-0.16562448,0.0,0.012996729,-0.16594937,-0.98604214,0.0,71.73933,-116.489334,43.997467,1.0
-0.9995605,0.02412163,-0.017234543,0.0,0.023206487,0.9859025,-0.16570388,0.0,0.012994531,-0.166031,-0.9860289,0.0,71.74997,-116.57466,43.76342,1.0
-0.9995605,0.02412163,-0.017234543,0.0,0.023318088,0.9858872,-0.16577901,0.0,0.012992456,-0.16610801,-0.98601633,0.0,71.762344,-116.65804,43.528763,1.0
-0.9995605,0.02412163,-0.017234543,0.0,0.023405084,0.9858733,-0.16584958,0.0,0.012990513,-0.16618007,-0.98600453,0.0,71.776825,-116.73899,43.29338,1.0
-0.9995605,0.02412163,-0.017234543,0.0,0.023460569,0.9858608,-0.16591561,0.0,0.012988706,-0.16624701,-0.98599344,0.0,71.79397,-116.8169,43.057163,1.0
-0.9995605,0.02412163,-0.017234543,0.0,0.023471612,0.9858499,-0.16597897,0.0,0.01298699,-0.16631053,-0.9859828,0.0,71.81483,-116.89167,42.82023,1.0
-0.9995605,0.02412163,-0.017234543,0.0,0.023431918,0.9858404,-0.16604123,0.0,0.012985324,-0.16637209,-0.9859723,0.0,71.83993,-116.96303,42.58266,1.0
-0.9995605,0.02412163,-0.017234543,0.0,0.023336189,0.98583204,-0.16610415,0.0,0.012983662,-0.16643333,-0.9859617,0.0,71.8697,-117.03057,42.344524,1.0
-0.9995605,0.02412163,-0.017234543,0.0,0.023178387,0.98582464,-0.16617002,0.0,0.012981946,-0.16649646,-0.98595047,0.0,71.90463,-117.093834,42.105923,1.0
-0.9995605,0.02412163,-0.017234543,0.0,0.022951677,0.98581785,-0.16624191,0.0,0.012980094,-0.1665644,-0.9859382,0.0,71.945305,-117.152275,41.867,1.0
-0.9995605,0.02412163,-0.017234543,0.0,0.022648402,0.98581105,-0.16632389,0.0,0.012978,-0.16664112,-0.98592407,0.0,71.99234,-117.20525,41.627987,1.0
-0.9995605,0.02412163,-0.017234543,0.0,0.0222602,0.9858034,-0.16642125,0.0,0.01297552,-0.16673175,-0.98590714,0.0,72.04641,-117.25206,41.389183,1.0
-0.9995605,0.02412163,-0.017234543,0.0,0.021778371,0.985794,-0.16654082,0.0,0.012972473,-0.16684295,-0.98588604,0.0,72.10823,-117.29193,41.151016,1.0
-0.9995605,0.02412163,-0.017234543,0.0,0.02119472,0.9857814,-0.16669093,0.0,0.012968634,-0.16698293,-0.98585933,0.0,72.178444,-117.32408,40.91402,1.0
-0.9995605,0.02412163,-0.017234543,0.0,0.020503338,0.98576385,-0.16688089,0.0,0.01296375,-0.1671609,-0.9858252,0.0,72.257515,-117.34787,40.678852,1.0
-0.9995605,0.02412163,-0.017234543,0.0,0.01970407,0.9857398,-0.16711888,0.0,0.012957596,-0.16738501,-0.98578185,0.0,72.345406,-117.36309,40.44612,1.0
-0.9995605,0.02412163,-0.017234543,0.0,0.018809116,0.9857085,-0.16740662,0.0,0.012950115,-0.1676572,-0.9857289,0.0,72.441,-117.37058,40.216072,1.0
-0.9995605,0.02412163,-0.017234543,0.0,0.017855816,0.9856716,-0.16772804,0.0,0.012941726,-0.16796204,-0.9856691,0.0,72.54113,-117.37346,39.987843,1.0
-0.9995605,0.02412163,-0.017234543,0.0,0.016933024,0.98563606,-0.16803227,0.0,0.012933775,-0.16825026,-0.98561126,0.0,72.63828,-117.37937,39.758415,1.0
-0.9995605,0.02412163,-0.017234543,0.0,0.016229477,0.9856131,-0.16823603,0.0,0.012928464,-0.16844179,-0.9855714,0.0,72.71663,-117.403725,39.523357,1.0
